username,first_name,last_name,email
joseph,Joseph,Jose,joseph@spark.com
sivaji,Sivaji,Siva,sivaji@spark.com
najeeb,najeeb,naji,najeeb@spark.com
vivek,vivek,vikz,vivek@spark.com
vishnu,vishnu,papz,vishnu@spark.com
fallu,fallu,khan,fallu@spark.com
likitha,likitha,likz,likitha@spark.com
namitha,namitha,namz,namitha@spark.com
